{"RuleTriggered": 0, "Violations": 331, "Details": {"low_gpu_utilization": 599, "bottlenecks": {"1645361890.839201": {"GPUs": 1, "CPUs": 1}, "1645361891.34732": {"GPUs": 1, "CPUs": 4}, "1645361891.839478": {"GPUs": 1, "CPUs": 3}, "1645361892.339249": {"GPUs": 1, "CPUs": 4}, "1645361892.840566": {"GPUs": 1, "CPUs": 4}, "1645361893.339221": {"GPUs": 1, "CPUs": 3}, "1645361893.839216": {"GPUs": 1, "CPUs": 2}, "1645361894.340186": {"GPUs": 1, "CPUs": 1}, "1645361896.839221": {"GPUs": 1, "CPUs": 1}, "1645361898.340251": {"GPUs": 1, "CPUs": 1}, "1645361898.839216": {"GPUs": 1, "CPUs": 2}, "1645361899.839231": {"GPUs": 1, "CPUs": 1}, "1645361900.339207": {"GPUs": 1, "CPUs": 3}, "1645361900.839176": {"GPUs": 1, "CPUs": 2}, "1645361902.339349": {"GPUs": 1, "CPUs": 2}, "1645361907.83921": {"GPUs": 1, "CPUs": 2}, "1645361908.340487": {"GPUs": 1, "CPUs": 1}, "1645361909.340258": {"GPUs": 1, "CPUs": 1}, "1645361911.839233": {"GPUs": 1, "CPUs": 1}, "1645361912.339208": {"GPUs": 1, "CPUs": 1}, "1645361912.839208": {"GPUs": 1, "CPUs": 2}, "1645361913.339214": {"GPUs": 1, "CPUs": 3}, "1645361913.839233": {"GPUs": 1, "CPUs": 2}, "1645361914.339264": {"GPUs": 1, "CPUs": 2}, "1645361914.839275": {"GPUs": 1, "CPUs": 2}, "1645361915.339251": {"GPUs": 1, "CPUs": 1}, "1645361920.839223": {"GPUs": 1, "CPUs": 1}, "1645361923.339989": {"GPUs": 1, "CPUs": 1}, "1645361923.839223": {"GPUs": 1, "CPUs": 2}, "1645361924.339192": {"GPUs": 1, "CPUs": 2}, "1645361924.839273": {"GPUs": 1, "CPUs": 1}, "1645361925.339274": {"GPUs": 1, "CPUs": 1}, "1645361925.839228": {"GPUs": 1, "CPUs": 1}, "1645361926.339205": {"GPUs": 1, "CPUs": 1}, "1645361926.839976": {"GPUs": 1, "CPUs": 1}, "1645361930.340116": {"GPUs": 1, "CPUs": 1}, "1645361930.839963": {"GPUs": 1, "CPUs": 1}, "1645361932.840696": {"GPUs": 1, "CPUs": 1}, "1645361933.339232": {"GPUs": 1, "CPUs": 1}, "1645361934.339268": {"GPUs": 1, "CPUs": 1}, "1645361934.839237": {"GPUs": 1, "CPUs": 1}, "1645361935.339234": {"GPUs": 1, "CPUs": 1}, "1645361935.839205": {"GPUs": 1, "CPUs": 3}, "1645361936.339229": {"GPUs": 1, "CPUs": 3}, "1645361936.839217": {"GPUs": 1, "CPUs": 1}, "1645361937.340034": {"GPUs": 1, "CPUs": 1}, "1645361937.851084": {"GPUs": 1, "CPUs": 1}, "1645361938.339235": {"GPUs": 1, "CPUs": 1}, "1645361938.839226": {"GPUs": 1, "CPUs": 1}, "1645361939.339181": {"GPUs": 1, "CPUs": 1}, "1645361939.839324": {"GPUs": 1, "CPUs": 1}, "1645361940.339203": {"GPUs": 1, "CPUs": 1}, "1645361940.839216": {"GPUs": 1, "CPUs": 1}, "1645361941.339222": {"GPUs": 1, "CPUs": 1}, "1645361941.839229": {"GPUs": 1, "CPUs": 1}, "1645361942.339185": {"GPUs": 1, "CPUs": 3}, "1645361942.839208": {"GPUs": 1, "CPUs": 1}, "1645361943.339376": {"GPUs": 1, "CPUs": 1}, "1645361943.8392": {"GPUs": 1, "CPUs": 1}, "1645361944.339269": {"GPUs": 1, "CPUs": 2}, "1645361944.84865": {"GPUs": 1, "CPUs": 3}, "1645361945.342001": {"GPUs": 1, "CPUs": 1}, "1645361946.339398": {"GPUs": 1, "CPUs": 1}, "1645361950.341373": {"GPUs": 1, "CPUs": 1}, "1645361951.839233": {"GPUs": 1, "CPUs": 1}, "1645361953.339215": {"GPUs": 1, "CPUs": 2}, "1645361953.840004": {"GPUs": 1, "CPUs": 1}, "1645361954.340034": {"GPUs": 1, "CPUs": 1}, "1645361954.839228": {"GPUs": 1, "CPUs": 1}, "1645361955.839209": {"GPUs": 1, "CPUs": 2}, "1645361956.339232": {"GPUs": 1, "CPUs": 1}, "1645361956.839281": {"GPUs": 1, "CPUs": 1}, "1645361957.33921": {"GPUs": 1, "CPUs": 1}, "1645361957.839217": {"GPUs": 1, "CPUs": 1}, "1645361958.339239": {"GPUs": 1, "CPUs": 1}, "1645361958.839232": {"GPUs": 1, "CPUs": 1}, "1645361963.839213": {"GPUs": 1, "CPUs": 1}, "1645361971.339309": {"GPUs": 1, "CPUs": 1}, "1645361971.839222": {"GPUs": 1, "CPUs": 1}, "1645361972.341581": {"GPUs": 1, "CPUs": 1}, "1645361972.83921": {"GPUs": 1, "CPUs": 1}, "1645361975.339252": {"GPUs": 1, "CPUs": 1}, "1645361975.839238": {"GPUs": 1, "CPUs": 1}, "1645361976.339209": {"GPUs": 1, "CPUs": 1}, "1645361976.839213": {"GPUs": 1, "CPUs": 1}, "1645361977.839246": {"GPUs": 1, "CPUs": 1}, "1645361978.340163": {"GPUs": 1, "CPUs": 2}, "1645361978.839241": {"GPUs": 1, "CPUs": 2}, "1645361979.339246": {"GPUs": 1, "CPUs": 1}, "1645361979.83926": {"GPUs": 1, "CPUs": 1}, "1645361980.33923": {"GPUs": 1, "CPUs": 1}, "1645361987.83993": {"GPUs": 1, "CPUs": 1}, "1645361992.839209": {"GPUs": 1, "CPUs": 1}, "1645361993.339209": {"GPUs": 1, "CPUs": 2}, "1645361993.839244": {"GPUs": 1, "CPUs": 2}, "1645361994.339246": {"GPUs": 1, "CPUs": 2}, "1645361994.839282": {"GPUs": 1, "CPUs": 2}, "1645361995.339217": {"GPUs": 1, "CPUs": 3}, "1645361995.839252": {"GPUs": 1, "CPUs": 2}, "1645361996.33927": {"GPUs": 1, "CPUs": 3}, "1645361996.839242": {"GPUs": 1, "CPUs": 2}, "1645361997.339277": {"GPUs": 1, "CPUs": 2}, "1645361997.839219": {"GPUs": 1, "CPUs": 3}, "1645361998.339241": {"GPUs": 1, "CPUs": 2}, "1645361998.83927": {"GPUs": 1, "CPUs": 2}, "1645361999.33923": {"GPUs": 1, "CPUs": 1}, "1645361999.839211": {"GPUs": 1, "CPUs": 1}, "1645362000.339173": {"GPUs": 1, "CPUs": 1}, "1645362016.839241": {"GPUs": 1, "CPUs": 1}, "1645362035.339244": {"GPUs": 1, "CPUs": 1}, "1645362037.839883": {"GPUs": 1, "CPUs": 1}, "1645362041.339249": {"GPUs": 1, "CPUs": 1}, "1645362045.33919": {"GPUs": 1, "CPUs": 1}, "1645362049.33926": {"GPUs": 1, "CPUs": 1}, "1645362051.340754": {"GPUs": 1, "CPUs": 1}, "1645362052.341838": {"GPUs": 1, "CPUs": 1}, "1645362054.339191": {"GPUs": 1, "CPUs": 1}, "1645362054.839233": {"GPUs": 1, "CPUs": 1}, "1645362055.339207": {"GPUs": 1, "CPUs": 1}, "1645362056.839198": {"GPUs": 1, "CPUs": 1}, "1645362058.839219": {"GPUs": 1, "CPUs": 1}, "1645362059.839932": {"GPUs": 1, "CPUs": 1}, "1645362060.339187": {"GPUs": 1, "CPUs": 1}, "1645362061.839226": {"GPUs": 1, "CPUs": 4}, "1645362062.839203": {"GPUs": 1, "CPUs": 1}, "1645362064.339223": {"GPUs": 1, "CPUs": 1}, "1645362065.348521": {"GPUs": 1, "CPUs": 2}, "1645362065.839233": {"GPUs": 1, "CPUs": 2}, "1645362066.839247": {"GPUs": 1, "CPUs": 1}, "1645362068.339199": {"GPUs": 1, "CPUs": 1}, "1645362068.839223": {"GPUs": 1, "CPUs": 1}, "1645362069.839232": {"GPUs": 1, "CPUs": 1}, "1645362071.83921": {"GPUs": 1, "CPUs": 1}, "1645362072.339198": {"GPUs": 1, "CPUs": 1}, "1645362074.839215": {"GPUs": 1, "CPUs": 1}, "1645362076.839219": {"GPUs": 1, "CPUs": 1}, "1645362077.339292": {"GPUs": 1, "CPUs": 1}, "1645362079.83994": {"GPUs": 1, "CPUs": 1}, "1645362084.339218": {"GPUs": 1, "CPUs": 1}, "1645362086.839247": {"GPUs": 1, "CPUs": 1}, "1645362087.839228": {"GPUs": 1, "CPUs": 1}, "1645362089.339698": {"GPUs": 1, "CPUs": 1}, "1645362089.839243": {"GPUs": 1, "CPUs": 1}, "1645362090.339218": {"GPUs": 1, "CPUs": 1}, "1645362090.83923": {"GPUs": 1, "CPUs": 1}, "1645362092.839181": {"GPUs": 1, "CPUs": 1}, "1645362093.339232": {"GPUs": 1, "CPUs": 1}, "1645362093.839204": {"GPUs": 1, "CPUs": 1}, "1645362096.339218": {"GPUs": 1, "CPUs": 1}, "1645362096.839223": {"GPUs": 1, "CPUs": 1}, "1645362100.339195": {"GPUs": 1, "CPUs": 1}, "1645362101.839491": {"GPUs": 1, "CPUs": 1}, "1645362102.33924": {"GPUs": 1, "CPUs": 1}, "1645362105.8392": {"GPUs": 1, "CPUs": 1}, "1645362106.33984": {"GPUs": 1, "CPUs": 1}, "1645362108.339246": {"GPUs": 1, "CPUs": 1}, "1645362109.839272": {"GPUs": 1, "CPUs": 1}, "1645362111.839209": {"GPUs": 1, "CPUs": 1}, "1645362114.33983": {"GPUs": 1, "CPUs": 1}, "1645362114.839169": {"GPUs": 1, "CPUs": 1}, "1645362115.339231": {"GPUs": 1, "CPUs": 1}, "1645362115.839219": {"GPUs": 1, "CPUs": 1}, "1645362118.339215": {"GPUs": 1, "CPUs": 1}, "1645362118.839212": {"GPUs": 1, "CPUs": 1}, "1645362123.839263": {"GPUs": 1, "CPUs": 1}, "1645362125.839209": {"GPUs": 1, "CPUs": 1}, "1645362126.33922": {"GPUs": 1, "CPUs": 1}, "1645362127.839206": {"GPUs": 1, "CPUs": 1}, "1645362130.839226": {"GPUs": 1, "CPUs": 1}, "1645362131.839252": {"GPUs": 1, "CPUs": 1}, "1645362133.839245": {"GPUs": 1, "CPUs": 1}, "1645362136.339227": {"GPUs": 1, "CPUs": 1}, "1645362141.339212": {"GPUs": 1, "CPUs": 1}, "1645362142.839246": {"GPUs": 1, "CPUs": 1}, "1645362143.844524": {"GPUs": 1, "CPUs": 2}, "1645362146.839247": {"GPUs": 1, "CPUs": 1},