{"RuleTriggered": 0, "Violations": 78, "Details": {"low_gpu_utilization": 599, "bottlenecks": {"1645361908.340487": {"GPUs": 1, "CPUs": 1}, "1645361911.839233": {"GPUs": 1, "CPUs": 2}, "1645361912.339208": {"GPUs": 1, "CPUs": 4}, "1645361912.839208": {"GPUs": 1, "CPUs": 3}, "1645361913.339214": {"GPUs": 1, "CPUs": 3}, "1645361913.839233": {"GPUs": 1, "CPUs": 3}, "1645361914.339264": {"GPUs": 1, "CPUs": 3}, "1645361914.839275": {"GPUs": 1, "CPUs": 2}, "1645361915.339251": {"GPUs": 1, "CPUs": 2}, "1645361915.839228": {"GPUs": 1, "CPUs": 1}, "1645361923.339989": {"GPUs": 1, "CPUs": 3}, "1645361923.839223": {"GPUs": 1, "CPUs": 2}, "1645361924.339192": {"GPUs": 1, "CPUs": 2}, "1645361924.839273": {"GPUs": 1, "CPUs": 2}, "1645361925.339274": {"GPUs": 1, "CPUs": 1}, "1645361925.839228": {"GPUs": 1, "CPUs": 1}, "1645361926.339205": {"GPUs": 1, "CPUs": 2}, "1645361926.839976": {"GPUs": 1, "CPUs": 2}, "1645361932.840696": {"GPUs": 1, "CPUs": 2}, "1645361933.339232": {"GPUs": 1, "CPUs": 1}, "1645361933.840217": {"GPUs": 1, "CPUs": 1}, "1645361934.339268": {"GPUs": 1, "CPUs": 1}, "1645361934.839237": {"GPUs": 1, "CPUs": 1}, "1645361935.839205": {"GPUs": 1, "CPUs": 2}, "1645361936.339229": {"GPUs": 1, "CPUs": 2}, "1645361936.839217": {"GPUs": 1, "CPUs": 1}, "1645361951.839233": {"GPUs": 1, "CPUs": 1}, "1645361954.340034": {"GPUs": 1, "CPUs": 1}, "1645361954.839228": {"GPUs": 1, "CPUs": 1}, "1645361955.339229": {"GPUs": 1, "CPUs": 1}, "1645361955.839209": {"GPUs": 1, "CPUs": 1}, "1645361956.339232": {"GPUs": 1, "CPUs": 1}, "1645361956.839281": {"GPUs": 1, "CPUs": 1}, "1645361957.33921": {"GPUs": 1, "CPUs": 1}, "1645361957.839217": {"GPUs": 1, "CPUs": 1}, "1645361958.339239": {"GPUs": 1, "CPUs": 2}, "1645361958.839232": {"GPUs": 1, "CPUs": 1}, "1645361971.339309": {"GPUs": 1, "CPUs": 1}, "1645361971.839222": {"GPUs": 1, "CPUs": 1}, "1645361972.341581": {"GPUs": 1, "CPUs": 1}, "1645361972.83921": {"GPUs": 1, "CPUs": 1}, "1645361975.339252": {"GPUs": 1, "CPUs": 1}, "1645361975.839238": {"GPUs": 1, "CPUs": 1}, "1645361976.339209": {"GPUs": 1, "CPUs": 1}, "1645361976.839213": {"GPUs": 1, "CPUs": 1}, "1645361977.339206": {"GPUs": 1, "CPUs": 1}, "1645361977.839246": {"GPUs": 1, "CPUs": 2}, "1645361978.340163": {"GPUs": 1, "CPUs": 2}, "1645361978.839241": {"GPUs": 1, "CPUs": 2}, "1645361979.339246": {"GPUs": 1, "CPUs": 2}, "1645361979.83926": {"GPUs": 1, "CPUs": 1}, "1645361980.33923": {"GPUs": 1, "CPUs": 1}, "1645361980.83919": {"GPUs": 1, "CPUs": 1}, "1645361992.839209": {"GPUs": 1, "CPUs": 1}, "1645361993.339209": {"GPUs": 1, "CPUs": 2}, "1645361993.839244": {"GPUs": 1, "CPUs": 2}, "1645361994.339246": {"GPUs": 1, "CPUs": 3}, "1645361994.839282": {"GPUs": 1, "CPUs": 2}, "1645361995.339217": {"GPUs": 1, "CPUs": 3}, "1645361995.839252": {"GPUs": 1, "CPUs": 3}, "1645361996.33927": {"GPUs": 1, "CPUs": 3}, "1645361996.839242": {"GPUs": 1, "CPUs": 3}, "1645361997.339277": {"GPUs": 1, "CPUs": 2}, "1645361997.839219": {"GPUs": 1, "CPUs": 3}, "1645361998.339241": {"GPUs": 1, "CPUs": 3}, "1645361998.83927": {"GPUs": 1, "CPUs": 3}, "1645361999.33923": {"GPUs": 1, "CPUs": 3}, "1645361999.839211": {"GPUs": 1, "CPUs": 1}, "1645362000.339173": {"GPUs": 1, "CPUs": 3}, "1645362016.839241": {"GPUs": 1, "CPUs": 1}, "1645362048.339213": {"GPUs": 1, "CPUs": 1}, "1645362048.839205": {"GPUs": 1, "CPUs": 1}, "1645362049.33926": {"GPUs": 1, "CPUs": 1}, "1645362050.339357": {"GPUs": 1, "CPUs": 1}, "1645362051.340754": {"GPUs": 1, "CPUs": 1}, "1645362140.839229": {"GPUs": 1, "CPUs": 1}, "1645362141.339212": {"GPUs": 1, "CPUs": 1}, "1645362141.839226": {"GPUs": 1, "CPUs": 1}}}, "Datapoints": 945, "RuleParameters": "threshold:50\nio_threshold:50\ngpu_threshold:10\npatience:1000"}