{"RuleTriggered": 0, "Violations": 312, "Details": {"low_gpu_utilization": 619, "bottlenecks": {"1645303567.40761": {"GPUs": 1, "CPUs": 1}, "1645303567.907462": {"GPUs": 1, "CPUs": 1}, "1645303568.407487": {"GPUs": 1, "CPUs": 1}, "1645303568.90745": {"GPUs": 1, "CPUs": 2}, "1645303569.408683": {"GPUs": 1, "CPUs": 3}, "1645303570.40818": {"GPUs": 1, "CPUs": 2}, "1645303570.907449": {"GPUs": 1, "CPUs": 1}, "1645303575.409": {"GPUs": 1, "CPUs": 2}, "1645303575.907404": {"GPUs": 1, "CPUs": 2}, "1645303576.408823": {"GPUs": 1, "CPUs": 2}, "1645303576.907437": {"GPUs": 1, "CPUs": 3}, "1645303577.408095": {"GPUs": 1, "CPUs": 3}, "1645303577.907804": {"GPUs": 1, "CPUs": 1}, "1645303578.407427": {"GPUs": 1, "CPUs": 4}, "1645303578.908331": {"GPUs": 1, "CPUs": 3}, "1645303579.407456": {"GPUs": 1, "CPUs": 3}, "1645303580.407436": {"GPUs": 1, "CPUs": 3}, "1645303580.907476": {"GPUs": 1, "CPUs": 3}, "1645303584.407441": {"GPUs": 1, "CPUs": 1}, "1645303589.407427": {"GPUs": 1, "CPUs": 2}, "1645303589.907455": {"GPUs": 1, "CPUs": 2}, "1645303595.907463": {"GPUs": 1, "CPUs": 1}, "1645303596.407509": {"GPUs": 1, "CPUs": 1}, "1645303596.907485": {"GPUs": 1, "CPUs": 1}, "1645303597.407505": {"GPUs": 1, "CPUs": 1}, "1645303597.908007": {"GPUs": 1, "CPUs": 1}, "1645303598.907432": {"GPUs": 1, "CPUs": 1}, "1645303599.407437": {"GPUs": 1, "CPUs": 2}, "1645303599.907447": {"GPUs": 1, "CPUs": 2}, "1645303600.407478": {"GPUs": 1, "CPUs": 2}, "1645303600.907456": {"GPUs": 1, "CPUs": 2}, "1645303601.407475": {"GPUs": 1, "CPUs": 2}, "1645303601.907514": {"GPUs": 1, "CPUs": 2}, "1645303602.407463": {"GPUs": 1, "CPUs": 2}, "1645303602.90745": {"GPUs": 1, "CPUs": 2}, "1645303603.407459": {"GPUs": 1, "CPUs": 2}, "1645303603.907426": {"GPUs": 1, "CPUs": 1}, "1645303605.40755": {"GPUs": 1, "CPUs": 1}, "1645303605.907449": {"GPUs": 1, "CPUs": 1}, "1645303607.907437": {"GPUs": 1, "CPUs": 1}, "1645303610.407462": {"GPUs": 1, "CPUs": 1}, "1645303610.907436": {"GPUs": 1, "CPUs": 2}, "1645303611.407423": {"GPUs": 1, "CPUs": 2}, "1645303611.90815": {"GPUs": 1, "CPUs": 2}, "1645303612.407463": {"GPUs": 1, "CPUs": 2}, "1645303612.907473": {"GPUs": 1, "CPUs": 1}, "1645303613.407459": {"GPUs": 1, "CPUs": 2}, "1645303613.907468": {"GPUs": 1, "CPUs": 2}, "1645303614.407943": {"GPUs": 1, "CPUs": 2}, "1645303614.907473": {"GPUs": 1, "CPUs": 2}, "1645303615.407457": {"GPUs": 1, "CPUs": 1}, "1645303618.907464": {"GPUs": 1, "CPUs": 1}, "1645303620.907426": {"GPUs": 1, "CPUs": 1}, "1645303621.907487": {"GPUs": 1, "CPUs": 2}, "1645303622.407485": {"GPUs": 1, "CPUs": 2}, "1645303623.407419": {"GPUs": 1, "CPUs": 3}, "1645303623.907426": {"GPUs": 1, "CPUs": 3}, "1645303624.407471": {"GPUs": 1, "CPUs": 2}, "1645303624.907436": {"GPUs": 1, "CPUs": 2}, "1645303625.907467": {"GPUs": 1, "CPUs": 1}, "1645303628.407771": {"GPUs": 1, "CPUs": 2}, "1645303638.907485": {"GPUs": 1, "CPUs": 1}, "1645303639.407575": {"GPUs": 1, "CPUs": 1}, "1645303639.90749": {"GPUs": 1, "CPUs": 1}, "1645303640.407482": {"GPUs": 1, "CPUs": 1}, "1645303640.907467": {"GPUs": 1, "CPUs": 2}, "1645303643.408221": {"GPUs": 1, "CPUs": 2}, "1645303644.407456": {"GPUs": 1, "CPUs": 2}, "1645303644.907436": {"GPUs": 1, "CPUs": 1}, "1645303645.407417": {"GPUs": 1, "CPUs": 1}, "1645303645.907489": {"GPUs": 1, "CPUs": 1}, "1645303646.407499": {"GPUs": 1, "CPUs": 1}, "1645303646.90751": {"GPUs": 1, "CPUs": 1}, "1645303656.407434": {"GPUs": 1, "CPUs": 1}, "1645303659.408338": {"GPUs": 1, "CPUs": 2}, "1645303659.907454": {"GPUs": 1, "CPUs": 2}, "1645303660.407449": {"GPUs": 1, "CPUs": 2}, "1645303660.907437": {"GPUs": 1, "CPUs": 2}, "1645303663.407432": {"GPUs": 1, "CPUs": 1}, "1645303663.907422": {"GPUs": 1, "CPUs": 1}, "1645303664.407459": {"GPUs": 1, "CPUs": 1}, "1645303664.907468": {"GPUs": 1, "CPUs": 1}, "1645303665.40745": {"GPUs": 1, "CPUs": 1}, "1645303666.407434": {"GPUs": 1, "CPUs": 2}, "1645303666.907437": {"GPUs": 1, "CPUs": 2}, "1645303667.407423": {"GPUs": 1, "CPUs": 2}, "1645303667.907457": {"GPUs": 1, "CPUs": 2}, "1645303668.407444": {"GPUs": 1, "CPUs": 1}, "1645303680.907488": {"GPUs": 1, "CPUs": 2}, "1645303681.407457": {"GPUs": 1, "CPUs": 3}, "1645303681.907455": {"GPUs": 1, "CPUs": 3}, "1645303682.407492": {"GPUs": 1, "CPUs": 3}, "1645303682.907485": {"GPUs": 1, "CPUs": 3}, "1645303683.407449": {"GPUs": 1, "CPUs": 3}, "1645303683.907423": {"GPUs": 1, "CPUs": 3}, "1645303684.407466": {"GPUs": 1, "CPUs": 3}, "1645303684.907544": {"GPUs": 1, "CPUs": 3}, "1645303685.407479": {"GPUs": 1, "CPUs": 4}, "1645303685.907428": {"GPUs": 1, "CPUs": 4}, "1645303686.407427": {"GPUs": 1, "CPUs": 4}, "1645303686.907427": {"GPUs": 1, "CPUs": 4}, "1645303687.407449": {"GPUs": 1, "CPUs": 4}, "1645303687.907512": {"GPUs": 1, "CPUs": 3}, "1645303688.407467": {"GPUs": 1, "CPUs": 1}, "1645303689.407424": {"GPUs": 1, "CPUs": 1}, "1645303727.407428": {"GPUs": 1, "CPUs": 1}, "1645303731.907501": {"GPUs": 1, "CPUs": 1}, "1645303739.407422": {"GPUs": 1, "CPUs": 1}, "1645303740.907447": {"GPUs": 1, "CPUs": 1}, "1645303744.407442": {"GPUs": 1, "CPUs": 1}, "1645303748.407463": {"GPUs": 1, "CPUs": 2}, "1645303748.907439": {"GPUs": 1, "CPUs": 1}, "1645303749.908623": {"GPUs": 1, "CPUs": 1}, "1645303750.40893": {"GPUs": 1, "CPUs": 1}, "1645303751.409715": {"GPUs": 1, "CPUs": 1}, "1645303751.907456": {"GPUs": 1, "CPUs": 1}, "1645303753.407436": {"GPUs": 1, "CPUs": 1}, "1645303754.407511": {"GPUs": 1, "CPUs": 1}, "1645303755.907429": {"GPUs": 1, "CPUs": 2}, "1645303756.907411": {"GPUs": 1, "CPUs": 2}, "1645303757.407413": {"GPUs": 1, "CPUs": 1}, "1645303758.910669": {"GPUs": 1, "CPUs": 1}, "1645303759.907421": {"GPUs": 1, "CPUs": 1}, "1645303760.407755": {"GPUs": 1, "CPUs": 1}, "1645303762.908436": {"GPUs": 1, "CPUs": 1}, "1645303763.407442": {"GPUs": 1, "CPUs": 1}, "1645303764.908035": {"GPUs": 1, "CPUs": 1}, "1645303765.407443": {"GPUs": 1, "CPUs": 1}, "1645303767.407496": {"GPUs": 1, "CPUs": 1}, "1645303767.907429": {"GPUs": 1, "CPUs": 1}, "1645303771.407427": {"GPUs": 1, "CPUs": 1}, "1645303771.907451": {"GPUs": 1, "CPUs": 1}, "1645303774.407458": {"GPUs": 1, "CPUs": 1}, "1645303774.907429": {"GPUs": 1, "CPUs": 1}, "1645303777.407826": {"GPUs": 1, "CPUs": 1}, "1645303778.407449": {"GPUs": 1, "CPUs": 1}, "1645303779.907458": {"GPUs": 1, "CPUs": 1}, "1645303780.407446": {"GPUs": 1, "CPUs": 1}, "1645303781.407441": {"GPUs": 1, "CPUs": 1}, "1645303783.907439": {"GPUs": 1, "CPUs": 1}, "1645303784.407446": {"GPUs": 1, "CPUs": 1}, "1645303785.407985": {"GPUs": 1, "CPUs": 1}, "1645303787.407419": {"GPUs": 1, "CPUs": 1}, "1645303788.407855": {"GPUs": 1, "CPUs": 1}, "1645303789.907468": {"GPUs": 1, "CPUs": 1}, "1645303790.407446": {"GPUs": 1, "CPUs": 1}, "1645303790.907473": {"GPUs": 1, "CPUs": 1}, "1645303793.407418": {"GPUs": 1, "CPUs": 1}, "1645303793.907448": {"GPUs": 1, "CPUs": 1}, "1645303796.407392": {"GPUs": 1, "CPUs": 1}, "1645303797.407433": {"GPUs": 1, "CPUs": 1}, "1645303797.90743": {"GPUs": 1, "CPUs": 1}, "1645303802.907445": {"GPUs": 1, "CPUs": 1}, "1645303805.407425": {"GPUs": 1, "CPUs": 1}, "1645303805.907439": {"GPUs": 1, "CPUs": 1}, "1645303808.90744": {"GPUs": 1, "CPUs": 1}, "1645303809.907434": {"GPUs": 1, "CPUs": 1}, "1645303810.407421": {"GPUs": 1, "CPUs": 1}, "1645303811.907459": {"GPUs": 1, "CPUs": 1}, "1645303812.407435": {"GPUs": 1, "CPUs": 1}, "1645303812.907448": {"GPUs": 1, "CPUs": 1}, "1645303814.407456": {"GPUs": 1, "CPUs": 1}, "1645303814.907443": {"GPUs": 1, "CPUs": 1}, "1645303815.407438": {"GPUs": 1, "CPUs": 1}, "1645303818.907423": {"GPUs": 1, "CPUs": 1}, "1645303819.907444": {"GPUs": 1, "CPUs": 1}, "1645303822.407469": {"GPUs": 1, "CPUs": 1}, "1645303824.907423": {"GPUs": 1, "CPUs": 1}, "1645303825.407445": {"GPUs": 1, "CPUs": 1}, "1645303828.407448": {"GPUs": 1, "CPUs": 1}, "1645303830.407451": {"GPUs": 1, "CPUs": 1}, "1645303837.907458": {"GPUs": 1, "CPUs": 1}, "1645303838.414848": {"GPUs": 1, "CPUs": 3}, "1645303839.907469": {"GPUs": 1, "CPUs": 1}, "1645303841.408": {"GPUs": 1, "CPUs": 1}, "1645303842.91067": {"GPUs": 1, "CPUs": 1},