{"RuleTriggered": 0, "Violations": 88, "Details": {"low_gpu_utilization": 619, "bottlenecks": {"1645303580.407436": {"GPUs": 1, "CPUs": 3}, "1645303580.907476": {"GPUs": 1, "CPUs": 3}, "1645303582.907453": {"GPUs": 1, "CPUs": 1}, "1645303583.408184": {"GPUs": 1, "CPUs": 1}, "1645303595.907463": {"GPUs": 1, "CPUs": 1}, "1645303596.407509": {"GPUs": 1, "CPUs": 1}, "1645303596.907485": {"GPUs": 1, "CPUs": 1}, "1645303597.407505": {"GPUs": 1, "CPUs": 2}, "1645303597.908007": {"GPUs": 1, "CPUs": 2}, "1645303598.907432": {"GPUs": 1, "CPUs": 2}, "1645303599.407437": {"GPUs": 1, "CPUs": 2}, "1645303599.907447": {"GPUs": 1, "CPUs": 2}, "1645303600.407478": {"GPUs": 1, "CPUs": 2}, "1645303600.907456": {"GPUs": 1, "CPUs": 2}, "1645303601.407475": {"GPUs": 1, "CPUs": 2}, "1645303601.907514": {"GPUs": 1, "CPUs": 2}, "1645303602.407463": {"GPUs": 1, "CPUs": 2}, "1645303602.90745": {"GPUs": 1, "CPUs": 2}, "1645303603.407459": {"GPUs": 1, "CPUs": 2}, "1645303603.907426": {"GPUs": 1, "CPUs": 1}, "1645303611.90815": {"GPUs": 1, "CPUs": 2}, "1645303612.407463": {"GPUs": 1, "CPUs": 2}, "1645303612.907473": {"GPUs": 1, "CPUs": 2}, "1645303613.407459": {"GPUs": 1, "CPUs": 1}, "1645303613.907468": {"GPUs": 1, "CPUs": 2}, "1645303614.407943": {"GPUs": 1, "CPUs": 2}, "1645303614.907473": {"GPUs": 1, "CPUs": 2}, "1645303615.407457": {"GPUs": 1, "CPUs": 1}, "1645303620.907426": {"GPUs": 1, "CPUs": 1}, "1645303621.408527": {"GPUs": 1, "CPUs": 1}, "1645303621.907487": {"GPUs": 1, "CPUs": 2}, "1645303622.407485": {"GPUs": 1, "CPUs": 1}, "1645303623.407419": {"GPUs": 1, "CPUs": 3}, "1645303623.907426": {"GPUs": 1, "CPUs": 3}, "1645303624.407471": {"GPUs": 1, "CPUs": 2}, "1645303624.907436": {"GPUs": 1, "CPUs": 1}, "1645303638.907485": {"GPUs": 1, "CPUs": 1}, "1645303639.407575": {"GPUs": 1, "CPUs": 1}, "1645303639.90749": {"GPUs": 1, "CPUs": 1}, "1645303640.407482": {"GPUs": 1, "CPUs": 1}, "1645303640.907467": {"GPUs": 1, "CPUs": 2}, "1645303642.907457": {"GPUs": 1, "CPUs": 1}, "1645303643.408221": {"GPUs": 1, "CPUs": 2}, "1645303643.907485": {"GPUs": 1, "CPUs": 1}, "1645303644.407456": {"GPUs": 1, "CPUs": 2}, "1645303644.907436": {"GPUs": 1, "CPUs": 3}, "1645303645.407417": {"GPUs": 1, "CPUs": 3}, "1645303645.907489": {"GPUs": 1, "CPUs": 1}, "1645303646.407499": {"GPUs": 1, "CPUs": 1}, "1645303646.90751": {"GPUs": 1, "CPUs": 1}, "1645303659.907454": {"GPUs": 1, "CPUs": 2}, "1645303660.407449": {"GPUs": 1, "CPUs": 2}, "1645303660.907437": {"GPUs": 1, "CPUs": 2}, "1645303662.907452": {"GPUs": 1, "CPUs": 1}, "1645303663.407432": {"GPUs": 1, "CPUs": 1}, "1645303663.907422": {"GPUs": 1, "CPUs": 1}, "1645303664.407459": {"GPUs": 1, "CPUs": 1}, "1645303664.907468": {"GPUs": 1, "CPUs": 1}, "1645303665.40745": {"GPUs": 1, "CPUs": 1}, "1645303665.907434": {"GPUs": 1, "CPUs": 2}, "1645303666.407434": {"GPUs": 1, "CPUs": 2}, "1645303666.907437": {"GPUs": 1, "CPUs": 2}, "1645303667.407423": {"GPUs": 1, "CPUs": 2}, "1645303667.907457": {"GPUs": 1, "CPUs": 2}, "1645303668.407444": {"GPUs": 1, "CPUs": 2}, "1645303668.907436": {"GPUs": 1, "CPUs": 1}, "1645303680.907488": {"GPUs": 1, "CPUs": 3}, "1645303681.407457": {"GPUs": 1, "CPUs": 3}, "1645303681.907455": {"GPUs": 1, "CPUs": 3}, "1645303682.407492": {"GPUs": 1, "CPUs": 3}, "1645303682.907485": {"GPUs": 1, "CPUs": 3}, "1645303683.407449": {"GPUs": 1, "CPUs": 3}, "1645303683.907423": {"GPUs": 1, "CPUs": 3}, "1645303684.407466": {"GPUs": 1, "CPUs": 3}, "1645303684.907544": {"GPUs": 1, "CPUs": 3}, "1645303685.407479": {"GPUs": 1, "CPUs": 4}, "1645303685.907428": {"GPUs": 1, "CPUs": 4}, "1645303686.407427": {"GPUs": 1, "CPUs": 4}, "1645303686.907427": {"GPUs": 1, "CPUs": 4}, "1645303687.407449": {"GPUs": 1, "CPUs": 4}, "1645303687.907512": {"GPUs": 1, "CPUs": 4}, "1645303688.407467": {"GPUs": 1, "CPUs": 3}, "1645303720.407465": {"GPUs": 1, "CPUs": 1}, "1645303746.907431": {"GPUs": 1, "CPUs": 1}, "1645303747.407418": {"GPUs": 1, "CPUs": 1}, "1645303835.907436": {"GPUs": 1, "CPUs": 1}, "1645303836.408079": {"GPUs": 1, "CPUs": 1}, "1645303836.90742": {"GPUs": 1, "CPUs": 1}}}, "Datapoints": 954, "RuleParameters": "threshold:50\nio_threshold:50\ngpu_threshold:10\npatience:1000"}